run,connector,optimizer,settle_steps,params_m,best_val_loss,best_epoch,test_loss,choice_accuracy,choice_loss,avg_epoch_min,peak_mem_gb
pcn-depth3-s1-eqprop-momentum,pcn,eqprop_momentum,1,9.646336,0.9761557624340057,3,,0.472,0.7019703621715307,6.178009458382925,5.362452507019043
pcn-depth3-s1-adamw,pcn,adamw,1,9.646336,0.9661619169712067,2,,0.463,0.6990548262670636,4.223962640762329,5.2106242179870605
pcn-depth3-s6-adamw,pcn,adamw,6,9.646336,0.9609669828414917,5,,0.459,0.6274136433154345,4.6327998550732925,5.216891765594482
pcn-depth3-s6-sgd,pcn,sgd,6,9.646336,0.9736856954097748,2,,0.455,0.7359038131833077,4.60419199069341,5.179701328277588
pcn-depth3-s12-eqprop-momentum,pcn,eqprop_momentum,12,9.646336,0.9741346807479858,5,,0.455,0.6957065844759345,7.236251530647278,5.366447925567627
pcn-depth3-s1-sgd,pcn,sgd,1,9.646336,0.9746960816383362,3,,0.452,0.6959754680283368,4.591175145308176,5.175513744354248
linear-adamw,linear,adamw,6,5.512192,0.9576670873165131,4,,0.45,0.6076603513471782,5.2761905543009435,5.153465747833252
pcn-depth3-s12-sgd,pcn,sgd,12,9.646336,0.9706058142185211,5,,0.45,0.6479499497935176,5.069487350781759,5.1807427406311035
mlp-depth3-adamw,mlp,adamw,6,9.645728,0.9698059692382812,3,,0.438,0.6472377373799681,4.341301049391429,5.216585636138916
pcn-depth3-s6-eqprop-momentum,pcn,eqprop_momentum,6,9.646336,0.9812290871143341,5,,0.432,0.6556217414382846,6.882296953996022,5.365406513214111
pcn-depth3-s12-adamw,pcn,adamw,12,9.646336,0.9758717722892761,4,,0.43,0.7373240660130977,5.080237969557444,5.217933177947998
